,country,lifeExp,lifeExp,lifeExp,pop,pop,pop,gdpPercap,gdpPercap,gdpPercap
year,,1997,2002,2007,1997,2002,2007,1997,2002,2007
0,India,61.765,62.879,64.698,959000000,1034172547,1110396331,1458.817442,1746.769454,2452.210407
1,United States,76.81,77.31,78.242,272911760,287675526,301139947,35767.43303,39097.09955,42951.65309
